deniz,doga,tarih,kultur,doga_spor,su_spor,hava_spor,kis_spor,eglence,sakin,yemek,ulasim_kolayligi,fiyat,oneri_sehir,begendi,zaman
0.222,0.48,0.242,0.413,0.271,0.045,0.05,0.004,0.23,0.664,0.441,0.5,0.0,Ayvalik,1,2026-04-27T14:25:23.998007
0.231,0.494,0.15,0.807,0.289,0.051,0.0,0.017,0.55,0.65,0.715,0.5,0.0,Ayvalik,1,2026-04-27T21:15:41.313093
0.327,0.521,0.11,0.343,0.05,0.42,0.5,0.72,0.138,0.0,0.1,0.5,0.3,Abant,1,2026-04-29T12:56:13.902799
0.327,0.521,0.11,0.343,0.05,0.42,0.5,0.72,0.138,0.0,0.1,0.5,0.3,Kartalkaya,1,2026-04-29T12:56:13.905638
0.327,0.521,0.11,0.343,0.05,0.42,0.5,0.72,0.138,0.0,0.1,0.5,0.3,Antalya,1,2026-04-29T12:56:13.906078
0.327,0.521,0.11,0.343,0.05,0.42,0.5,0.72,0.138,0.0,0.1,0.5,0.3,Efes,1,2026-04-29T12:56:13.906280
0.327,0.521,0.11,0.343,0.05,0.42,0.5,0.72,0.138,0.0,0.1,0.5,0.3,Uludag,1,2026-04-29T12:56:13.906775
0.327,0.521,0.11,0.343,0.05,0.42,0.5,0.72,0.138,0.0,0.1,0.5,0.3,Kackarlar,0,2026-04-29T12:56:13.907105
0.327,0.521,0.11,0.343,0.05,0.42,0.5,0.72,0.138,0.0,0.1,0.5,0.3,Ayder,0,2026-04-29T12:56:13.908046
0.327,0.521,0.11,0.343,0.05,0.42,0.5,0.72,0.138,0.0,0.1,0.5,0.3,Uzungol,0,2026-04-29T12:56:13.908726
0.327,0.521,0.11,0.343,0.05,0.42,0.5,0.72,0.138,0.0,0.1,0.5,0.3,Datca,0,2026-04-29T12:56:13.909935
0.327,0.521,0.11,0.343,0.05,0.42,0.5,0.72,0.138,0.0,0.1,0.5,0.3,Sirince,0,2026-04-29T12:56:13.910636
0.327,0.521,0.11,0.343,0.05,0.42,0.5,0.72,0.138,0.0,0.1,0.5,0.3,Alanya,0,2026-04-29T12:56:13.911742
0.327,0.521,0.11,0.343,0.05,0.42,0.5,0.72,0.138,0.0,0.1,0.5,0.3,Fethiye,0,2026-04-29T12:56:13.913196
0.327,0.521,0.11,0.343,0.05,0.42,0.5,0.72,0.138,0.0,0.1,0.5,0.3,Ayvalik,0,2026-04-29T12:56:13.913817
0.327,0.521,0.11,0.343,0.05,0.42,0.5,0.72,0.138,0.0,0.1,0.5,0.3,Trabzon,0,2026-04-29T12:56:13.914806
0.204,0.308,0.249,0.294,0.251,0.262,0.283,0.398,0.149,0.085,0.1,0.452,0.48,Abant,1,2026-04-29T12:56:20.413620
0.204,0.308,0.249,0.294,0.251,0.262,0.283,0.398,0.149,0.085,0.1,0.452,0.48,Antalya,1,2026-04-29T12:56:20.418575
0.204,0.308,0.249,0.294,0.251,0.262,0.283,0.398,0.149,0.085,0.1,0.452,0.48,Kartalkaya,1,2026-04-29T12:56:20.419441
0.204,0.308,0.249,0.294,0.251,0.262,0.283,0.398,0.149,0.085,0.1,0.452,0.48,Uludag,1,2026-04-29T12:56:20.420050
0.204,0.308,0.249,0.294,0.251,0.262,0.283,0.398,0.149,0.085,0.1,0.452,0.48,Efes,1,2026-04-29T12:56:20.420895
0.204,0.308,0.249,0.294,0.251,0.262,0.283,0.398,0.149,0.085,0.1,0.452,0.48,Sirince,0,2026-04-29T12:56:20.421883
0.204,0.308,0.249,0.294,0.251,0.262,0.283,0.398,0.149,0.085,0.1,0.452,0.48,Ayder,0,2026-04-29T12:56:20.422573
0.204,0.308,0.249,0.294,0.251,0.262,0.283,0.398,0.149,0.085,0.1,0.452,0.48,Uzungol,0,2026-04-29T12:56:20.423445
0.204,0.308,0.249,0.294,0.251,0.262,0.283,0.398,0.149,0.085,0.1,0.452,0.48,Kackarlar,0,2026-04-29T12:56:20.424111
0.204,0.308,0.249,0.294,0.251,0.262,0.283,0.398,0.149,0.085,0.1,0.452,0.48,Pamukkale,0,2026-04-29T12:56:20.425366
0.204,0.308,0.249,0.294,0.251,0.262,0.283,0.398,0.149,0.085,0.1,0.452,0.48,Ayvalik,0,2026-04-29T12:56:20.426363
0.204,0.308,0.249,0.294,0.251,0.262,0.283,0.398,0.149,0.085,0.1,0.452,0.48,Fethiye,0,2026-04-29T12:56:20.427237
0.204,0.308,0.249,0.294,0.251,0.262,0.283,0.398,0.149,0.085,0.1,0.452,0.48,Kapadokya,0,2026-04-29T12:56:20.428299
0.155,0.223,0.305,0.275,0.331,0.199,0.197,0.269,0.154,0.119,0.1,0.433,0.552,Uludag,1,2026-04-29T12:57:18.862485
0.155,0.223,0.305,0.275,0.331,0.199,0.197,0.269,0.154,0.119,0.1,0.433,0.552,Abant,1,2026-04-29T12:57:18.865070
0.155,0.223,0.305,0.275,0.331,0.199,0.197,0.269,0.154,0.119,0.1,0.433,0.552,Antalya,1,2026-04-29T12:57:18.866698
0.155,0.223,0.305,0.275,0.331,0.199,0.197,0.269,0.154,0.119,0.1,0.433,0.552,Kartalkaya,1,2026-04-29T12:57:18.868700
0.155,0.223,0.305,0.275,0.331,0.199,0.197,0.269,0.154,0.119,0.1,0.433,0.552,Efes,1,2026-04-29T12:57:18.870415
0.155,0.223,0.305,0.275,0.331,0.199,0.197,0.269,0.154,0.119,0.1,0.433,0.552,Kapadokya,0,2026-04-29T12:57:18.871077
0.155,0.223,0.305,0.275,0.331,0.199,0.197,0.269,0.154,0.119,0.1,0.433,0.552,Sirince,0,2026-04-29T12:57:18.871666
0.155,0.223,0.305,0.275,0.331,0.199,0.197,0.269,0.154,0.119,0.1,0.433,0.552,Pamukkale,0,2026-04-29T12:57:18.872248
0.155,0.223,0.305,0.275,0.331,0.199,0.197,0.269,0.154,0.119,0.1,0.433,0.552,Ayvalik,0,2026-04-29T12:57:18.872978
0.155,0.223,0.305,0.275,0.331,0.199,0.197,0.269,0.154,0.119,0.1,0.433,0.552,Palandoken,0,2026-04-29T12:57:18.873977
0.155,0.223,0.305,0.275,0.331,0.199,0.197,0.269,0.154,0.119,0.1,0.433,0.552,Istanbul,0,2026-04-29T12:57:18.875049
0.136,0.189,0.327,0.267,0.363,0.173,0.162,0.218,0.156,0.133,0.1,0.425,0.581,Uludag,1,2026-04-29T12:57:20.721405
0.136,0.189,0.327,0.267,0.363,0.173,0.162,0.218,0.156,0.133,0.1,0.425,0.581,Antalya,1,2026-04-29T12:57:20.724613
0.136,0.189,0.327,0.267,0.363,0.173,0.162,0.218,0.156,0.133,0.1,0.425,0.581,Abant,1,2026-04-29T12:57:20.725676
0.136,0.189,0.327,0.267,0.363,0.173,0.162,0.218,0.156,0.133,0.1,0.425,0.581,Kartalkaya,1,2026-04-29T12:57:20.726668
0.136,0.189,0.327,0.267,0.363,0.173,0.162,0.218,0.156,0.133,0.1,0.425,0.581,Efes,1,2026-04-29T12:57:20.728268
0.136,0.189,0.327,0.267,0.363,0.173,0.162,0.218,0.156,0.133,0.1,0.425,0.581,Kapadokya,0,2026-04-29T12:57:20.729044
0.136,0.189,0.327,0.267,0.363,0.173,0.162,0.218,0.156,0.133,0.1,0.425,0.581,Pamukkale,0,2026-04-29T12:57:20.729659
0.136,0.189,0.327,0.267,0.363,0.173,0.162,0.218,0.156,0.133,0.1,0.425,0.581,Sirince,0,2026-04-29T12:57:20.730148
0.136,0.189,0.327,0.267,0.363,0.173,0.162,0.218,0.156,0.133,0.1,0.425,0.581,Palandoken,0,2026-04-29T12:57:20.730708
0.136,0.189,0.327,0.267,0.363,0.173,0.162,0.218,0.156,0.133,0.1,0.425,0.581,Istanbul,0,2026-04-29T12:57:20.731212
0.136,0.189,0.327,0.267,0.363,0.173,0.162,0.218,0.156,0.133,0.1,0.425,0.581,Ayvalik,0,2026-04-29T12:57:20.731827
0.285,0.639,0.109,0.398,0.011,0.5,0.1,0.806,0.12,0.0,0.95,0.5,0.425,Ayder,1,2026-04-29T12:59:24.606261
0.285,0.639,0.109,0.398,0.011,0.5,0.1,0.806,0.12,0.0,0.95,0.5,0.425,Abant,1,2026-04-29T12:59:24.607076
0.285,0.639,0.109,0.398,0.011,0.5,0.1,0.806,0.12,0.0,0.95,0.5,0.425,Trabzon,1,2026-04-29T12:59:24.607959
0.285,0.639,0.109,0.398,0.011,0.5,0.1,0.806,0.12,0.0,0.95,0.5,0.425,Datca,1,2026-04-29T12:59:24.608439
0.285,0.639,0.109,0.398,0.011,0.5,0.1,0.806,0.12,0.0,0.95,0.5,0.425,Sirince,1,2026-04-29T12:59:24.608951
0.285,0.639,0.109,0.398,0.011,0.5,0.1,0.806,0.12,0.0,0.95,0.5,0.425,Kackarlar,0,2026-04-29T12:59:24.609526
0.285,0.639,0.109,0.398,0.011,0.5,0.1,0.806,0.12,0.0,0.95,0.5,0.425,Uzungol,0,2026-04-29T12:59:24.609909
0.285,0.639,0.109,0.398,0.011,0.5,0.1,0.806,0.12,0.0,0.95,0.5,0.425,Ayvalik,0,2026-04-29T12:59:24.610217
0.285,0.639,0.109,0.398,0.011,0.5,0.1,0.806,0.12,0.0,0.95,0.5,0.425,Fethiye,0,2026-04-29T12:59:24.610586
0.285,0.639,0.109,0.398,0.011,0.5,0.1,0.806,0.12,0.0,0.95,0.5,0.425,Alanya,0,2026-04-29T12:59:24.610897
0.28,0.664,0.064,0.429,0.061,0.5,0.5,0.796,0.12,0.0,0.95,0.5,0.485,Kackarlar,1,2026-04-29T14:22:08.500531
0.28,0.664,0.064,0.429,0.061,0.5,0.5,0.796,0.12,0.0,0.95,0.5,0.485,Uzungol,1,2026-04-29T14:22:08.503787
0.28,0.664,0.064,0.429,0.061,0.5,0.5,0.796,0.12,0.0,0.95,0.5,0.485,Trabzon,1,2026-04-29T14:22:08.504716
0.28,0.664,0.064,0.429,0.061,0.5,0.5,0.796,0.12,0.0,0.95,0.5,0.485,Ayder,0,2026-04-29T14:22:08.505386
0.28,0.664,0.064,0.429,0.061,0.5,0.5,0.796,0.12,0.0,0.95,0.5,0.485,Abant,0,2026-04-29T14:22:08.505856
0.28,0.664,0.064,0.429,0.061,0.5,0.5,0.796,0.12,0.0,0.95,0.5,0.485,Ayvalik,0,2026-04-29T14:22:08.506625
0.28,0.664,0.064,0.429,0.061,0.5,0.5,0.796,0.12,0.0,0.95,0.5,0.485,Fethiye,0,2026-04-29T14:22:08.507382
0.28,0.664,0.064,0.429,0.061,0.5,0.5,0.796,0.12,0.0,0.95,0.5,0.485,Sirince,0,2026-04-29T14:22:08.508128
0.28,0.664,0.064,0.429,0.061,0.5,0.5,0.796,0.12,0.0,0.95,0.5,0.485,Datca,0,2026-04-29T14:22:08.508804
0.28,0.664,0.064,0.429,0.061,0.5,0.5,0.796,0.12,0.0,0.95,0.5,0.485,Kapadokya,0,2026-04-29T14:22:08.509121
0.187,0.744,0.169,0.384,0.084,0.26,0.26,0.472,0.108,0.085,0.494,0.4,0.294,Ayvalik,1,2026-04-29T14:22:56.927626
0.187,0.744,0.169,0.384,0.084,0.26,0.26,0.472,0.108,0.085,0.494,0.4,0.294,Fethiye,1,2026-04-29T14:22:56.928586
0.187,0.744,0.169,0.384,0.084,0.26,0.26,0.472,0.108,0.085,0.494,0.4,0.294,Sirince,1,2026-04-29T14:22:56.930832
0.187,0.744,0.169,0.384,0.084,0.26,0.26,0.472,0.108,0.085,0.494,0.4,0.294,Pamukkale,1,2026-04-29T14:22:56.932038
0.187,0.744,0.169,0.384,0.084,0.26,0.26,0.472,0.108,0.085,0.494,0.4,0.294,Kapadokya,1,2026-04-29T14:22:56.932669
0.187,0.744,0.169,0.384,0.084,0.26,0.26,0.472,0.108,0.085,0.494,0.4,0.294,Kackarlar,0,2026-04-29T14:22:56.933444
0.187,0.744,0.169,0.384,0.084,0.26,0.26,0.472,0.108,0.085,0.494,0.4,0.294,Uzungol,0,2026-04-29T14:22:56.934014
0.187,0.744,0.169,0.384,0.084,0.26,0.26,0.472,0.108,0.085,0.494,0.4,0.294,Ayder,0,2026-04-29T14:22:56.938852
0.187,0.744,0.169,0.384,0.084,0.26,0.26,0.472,0.108,0.085,0.494,0.4,0.294,Abant,0,2026-04-29T14:22:56.939741
0.187,0.744,0.169,0.384,0.084,0.26,0.26,0.472,0.108,0.085,0.494,0.4,0.294,Trabzon,0,2026-04-29T14:22:56.940555
0.235029151,0.609595382,0.24992337000000003,0.5576399792,0.5412495902,0.1537,0.0,0.11348841000000001,0.48017565119999994,0.45983898019999997,0.5929713038,0.8504990691759999,0.254019287138,Osaka,1,2026-05-02T15:21:39.270419
0.235029151,0.609595382,0.24992337000000003,0.5576399792,0.5412495902,0.1537,0.0,0.11348841000000001,0.48017565119999994,0.45983898019999997,0.5929713038,0.8504990691759999,0.254019287138,Izmir,1,2026-05-02T15:21:39.271586
0.235029151,0.609595382,0.24992337000000003,0.5576399792,0.5412495902,0.1537,0.0,0.11348841000000001,0.48017565119999994,0.45983898019999997,0.5929713038,0.8504990691759999,0.254019287138,Ankara,0,2026-05-02T15:21:39.272033
0.235029151,0.609595382,0.24992337000000003,0.5576399792,0.5412495902,0.1537,0.0,0.11348841000000001,0.48017565119999994,0.45983898019999997,0.5929713038,0.8504990691759999,0.254019287138,Seoul,0,2026-05-02T15:21:39.272338
0.235029151,0.609595382,0.24992337000000003,0.5576399792,0.5412495902,0.1537,0.0,0.11348841000000001,0.48017565119999994,0.45983898019999997,0.5929713038,0.8504990691759999,0.254019287138,Busan,0,2026-05-02T15:21:39.272575
0.235029151,0.609595382,0.24992337000000003,0.5576399792,0.5412495902,0.1537,0.0,0.11348841000000001,0.48017565119999994,0.45983898019999997,0.5929713038,0.8504990691759999,0.254019287138,Jaipur,0,2026-05-02T15:21:39.272684
0.235029151,0.609595382,0.24992337000000003,0.5576399792,0.5412495902,0.1537,0.0,0.11348841000000001,0.48017565119999994,0.45983898019999997,0.5929713038,0.8504990691759999,0.254019287138,Varanasi,0,2026-05-02T15:21:39.272792
0.235029151,0.609595382,0.24992337000000003,0.5576399792,0.5412495902,0.1537,0.0,0.11348841000000001,0.48017565119999994,0.45983898019999997,0.5929713038,0.8504990691759999,0.254019287138,Hanoi,0,2026-05-02T15:21:39.272900
0.235029151,0.609595382,0.24992337000000003,0.5576399792,0.5412495902,0.1537,0.0,0.11348841000000001,0.48017565119999994,0.45983898019999997,0.5929713038,0.8504990691759999,0.254019287138,Goa,0,2026-05-02T15:21:39.273007
0.235029151,0.609595382,0.24992337000000003,0.5576399792,0.5412495902,0.1537,0.0,0.11348841000000001,0.48017565119999994,0.45983898019999997,0.5929713038,0.8504990691759999,0.254019287138,Gaziantep,0,2026-05-02T15:21:39.273117
0.5053253673474529,0.690577861869725,0.22400979768009002,0.4886271683491652,0.626684366914218,0.3808834042721351,0.0,0.0,0.698263304830572,0.526485315365719,0.7581277838714058,0.63981895686073,0.4068108718510406,Alanya,1,2026-05-03T19:56:53.004098
0.5053253673474529,0.690577861869725,0.22400979768009002,0.4886271683491652,0.626684366914218,0.3808834042721351,0.0,0.0,0.698263304830572,0.526485315365719,0.7581277838714058,0.63981895686073,0.4068108718510406,Marmaris,1,2026-05-03T19:56:53.005960
0.5053253673474529,0.690577861869725,0.22400979768009002,0.4886271683491652,0.626684366914218,0.3808834042721351,0.0,0.0,0.698263304830572,0.526485315365719,0.7581277838714058,0.63981895686073,0.4068108718510406,Bodrum,1,2026-05-03T19:56:53.007892
0.5053253673474529,0.690577861869725,0.22400979768009002,0.4886271683491652,0.626684366914218,0.3808834042721351,0.0,0.0,0.698263304830572,0.526485315365719,0.7581277838714058,0.63981895686073,0.4068108718510406,Kas,0,2026-05-03T19:56:53.008495
0.5053253673474529,0.690577861869725,0.22400979768009002,0.4886271683491652,0.626684366914218,0.3808834042721351,0.0,0.0,0.698263304830572,0.526485315365719,0.7581277838714058,0.63981895686073,0.4068108718510406,Fethiye,0,2026-05-03T19:56:53.008988
0.5053253673474529,0.690577861869725,0.22400979768009002,0.4886271683491652,0.626684366914218,0.3808834042721351,0.0,0.0,0.698263304830572,0.526485315365719,0.7581277838714058,0.63981895686073,0.4068108718510406,Side,0,2026-05-03T19:56:53.009505
0.5053253673474529,0.690577861869725,0.22400979768009002,0.4886271683491652,0.626684366914218,0.3808834042721351,0.0,0.0,0.698263304830572,0.526485315365719,0.7581277838714058,0.63981895686073,0.4068108718510406,Kemer,0,2026-05-03T19:56:53.010128
0.5053253673474529,0.690577861869725,0.22400979768009002,0.4886271683491652,0.626684366914218,0.3808834042721351,0.0,0.0,0.698263304830572,0.526485315365719,0.7581277838714058,0.63981895686073,0.4068108718510406,Antalya,0,2026-05-03T19:56:53.010761
0.5053253673474529,0.690577861869725,0.22400979768009002,0.4886271683491652,0.626684366914218,0.3808834042721351,0.0,0.0,0.698263304830572,0.526485315365719,0.7581277838714058,0.63981895686073,0.4068108718510406,Cesme,0,2026-05-03T19:56:53.011299
0.5053253673474529,0.690577861869725,0.22400979768009002,0.4886271683491652,0.626684366914218,0.3808834042721351,0.0,0.0,0.698263304830572,0.526485315365719,0.7581277838714058,0.63981895686073,0.4068108718510406,Datca,0,2026-05-03T19:56:53.011951
0.427995523,0.6662930845399999,0.6269941153999999,0.7545148729760001,0.7107385763340001,0.456105,0.0,0.010588410000000003,0.30207995786666664,0.5187018971929576,0.533781800646,0.6773394868,0.258460695126,Antalya,1,2026-05-06T11:19:17.533950
0.427995523,0.6662930845399999,0.6269941153999999,0.7545148729760001,0.7107385763340001,0.456105,0.0,0.010588410000000003,0.30207995786666664,0.5187018971929576,0.533781800646,0.6773394868,0.258460695126,Rize,1,2026-05-06T11:19:17.535301
0.427995523,0.6662930845399999,0.6269941153999999,0.7545148729760001,0.7107385763340001,0.456105,0.0,0.010588410000000003,0.30207995786666664,0.5187018971929576,0.533781800646,0.6773394868,0.258460695126,Kemer,1,2026-05-06T11:19:17.535767
0.427995523,0.6662930845399999,0.6269941153999999,0.7545148729760001,0.7107385763340001,0.456105,0.0,0.010588410000000003,0.30207995786666664,0.5187018971929576,0.533781800646,0.6773394868,0.258460695126,Trabzon,0,2026-05-06T11:19:17.536228
0.427995523,0.6662930845399999,0.6269941153999999,0.7545148729760001,0.7107385763340001,0.456105,0.0,0.010588410000000003,0.30207995786666664,0.5187018971929576,0.533781800646,0.6773394868,0.258460695126,Uzungol,0,2026-05-06T11:19:17.536473
0.427995523,0.6662930845399999,0.6269941153999999,0.7545148729760001,0.7107385763340001,0.456105,0.0,0.010588410000000003,0.30207995786666664,0.5187018971929576,0.533781800646,0.6773394868,0.258460695126,Ayder,0,2026-05-06T11:19:17.536728
0.427995523,0.6662930845399999,0.6269941153999999,0.7545148729760001,0.7107385763340001,0.456105,0.0,0.010588410000000003,0.30207995786666664,0.5187018971929576,0.533781800646,0.6773394868,0.258460695126,Side,0,2026-05-06T11:19:17.536983
0.427995523,0.6662930845399999,0.6269941153999999,0.7545148729760001,0.7107385763340001,0.456105,0.0,0.010588410000000003,0.30207995786666664,0.5187018971929576,0.533781800646,0.6773394868,0.258460695126,Kas,0,2026-05-06T11:19:17.537290
0.427995523,0.6662930845399999,0.6269941153999999,0.7545148729760001,0.7107385763340001,0.456105,0.0,0.010588410000000003,0.30207995786666664,0.5187018971929576,0.533781800646,0.6773394868,0.258460695126,Alanya,0,2026-05-06T11:19:17.537555
0.427995523,0.6662930845399999,0.6269941153999999,0.7545148729760001,0.7107385763340001,0.456105,0.0,0.010588410000000003,0.30207995786666664,0.5187018971929576,0.533781800646,0.6773394868,0.258460695126,Fethiye,0,2026-05-06T11:19:17.537797
